community,school_name,meet_benchmark_english,meet_benchmark_reading,meet_benchmark_math,meet_benchmark_science,meet_benchmark_all_four,average_class_size_kindergarten,average_class_size_first,average_class_size_third,average_class_size_sixth,average_class_size_eighth,average_class_size_high_school,act_english,act_math,act_reading,act_science,act_composite,school_coverage
LAKE VIEW,LINCOLN PARK HS,79.9,55.2,54.9,46.9,46.9,,,,,,27.7,22.7,21.9,22.8,21.7,22.4,0.1209571119
LINCOLN PARK,LINCOLN PARK HS,79.9,55.2,54.9,46.9,46.9,,,,,,27.7,22.7,21.9,22.8,21.7,22.4,0.9878006485
NEAR NORTH SIDE,LINCOLN PARK HS,79.9,55.2,54.9,46.9,46.9,,,,,,27.7,22.7,21.9,22.8,21.7,22.4,0.3887045775
ALBANY PARK,TAFT HS,62,29.1,26.4,22.6,22.6,,,,,28.8,24.4,19,18.9,19.2,19.1,19.2,0.2373714373
EDISON PARK,TAFT HS,62,29.1,26.4,22.6,22.6,,,,,28.8,24.4,19,18.9,19.2,19.1,19.2,0.9999999174
FOREST GLEN,TAFT HS,62,29.1,26.4,22.6,22.6,,,,,28.8,24.4,19,18.9,19.2,19.1,19.2,0.9956868249
JEFFERSON PARK,TAFT HS,62,29.1,26.4,22.6,22.6,,,,,28.8,24.4,19,18.9,19.2,19.1,19.2,0.9999999984
NORTH PARK,TAFT HS,62,29.1,26.4,22.6,22.6,,,,,28.8,24.4,19,18.9,19.2,19.1,19.2,0.3184950216
NORWOOD PARK,TAFT HS,62,29.1,26.4,22.6,22.6,,,,,28.8,24.4,19,18.9,19.2,19.1,19.2,0.9999999754
OHARE,TAFT HS,62,29.1,26.4,22.6,22.6,,,,,28.8,24.4,19,18.9,19.2,19.1,19.2,0.1347598964
PORTAGE PARK,TAFT HS,62,29.1,26.4,22.6,22.6,,,,,28.8,24.4,19,18.9,19.2,19.1,19.2,0.2896926522
HYDE PARK,KENWOOD HS,60.6,32.5,31,26.8,26.8,,,,,27.2,26.6,19.3,19.2,19.5,19.6,19.5,0.8615670477
KENWOOD,KENWOOD HS,60.6,32.5,31,26.8,26.8,,,,,27.2,26.6,19.3,19.2,19.5,19.6,19.5,0.5884314351
CLEARING,KENNEDY HS,57,25.4,25.4,17.3,17.3,,,,,,25.4,18.9,18.6,18.4,18.2,18.7,0.6408316821
GARFIELD RIDGE,KENNEDY HS,57,25.4,25.4,17.3,17.3,,,,,,25.4,18.9,18.6,18.4,18.2,18.7,0.8444651003
LAKE VIEW,LAKE VIEW HS,52,17.6,23.3,19.3,19.3,,,,,,23.1,17.6,18.8,18.1,18.9,18.5,0.8620939003
NORTH CENTER,LAKE VIEW HS,52,17.6,23.3,19.3,19.3,,,,,,23.1,17.6,18.8,18.1,18.9,18.5,0.6992919081
EDGEWATER,SENN HS,51.2,22.2,25,18.7,18.7,,,,,,24,18.1,18.4,18.5,18.6,18.5,0.9511758594
LINCOLN SQUARE,SENN HS,51.2,22.2,25,18.7,18.7,,,,,,24,18.1,18.4,18.5,18.6,18.5,0.1947604634
ROGERS PARK,SENN HS,51.2,22.2,25,18.7,18.7,,,,,,24,18.1,18.4,18.5,18.6,18.5,0.1114611155
UPTOWN,SENN HS,51.2,22.2,25,18.7,18.7,,,,,,24,18.1,18.4,18.5,18.6,18.5,0.8947422753
WEST RIDGE,SENN HS,51.2,22.2,25,18.7,18.7,,,,,,24,18.1,18.4,18.5,18.6,18.5,0.1433311921
BEVERLY,MORGAN PARK HS,46.4,19.8,14.4,14.7,14.7,,,,,20.5,23.8,17.4,17.5,18,18.1,17.9,0.9999687194
MORGAN PARK,MORGAN PARK HS,46.4,19.8,14.4,14.7,14.7,,,,,20.5,23.8,17.4,17.5,18,18.1,17.9,0.8927067308
MOUNT GREENWOOD,MORGAN PARK HS,46.4,19.8,14.4,14.7,14.7,,,,,20.5,23.8,17.4,17.5,18,18.1,17.9,0.9999998223
ARCHER HEIGHTS,CURIE HS,44.5,16.7,19.9,16.3,16.3,,,,,,24.9,17,18,17.6,18.1,17.8,1.999233683
BRIGHTON PARK,CURIE HS,44.5,16.7,19.9,16.3,16.3,,,,,,24.9,17,18,17.6,18.1,17.8,0.2437596708
GAGE PARK,CURIE HS,44.5,16.7,19.9,16.3,16.3,,,,,,24.9,17,18,17.6,18.1,17.8,0.5844503083
WEST ELSDON,CURIE HS,44.5,16.7,19.9,16.3,16.3,,,,,,24.9,17,18,17.6,18.1,17.8,1.2127819941
CLEARING,HANCOCK HS,41.4,16,12.7,13.9,13.9,,,,,,27.1,17.1,16.8,17.4,17.8,17.4,0.2483537716
GARFIELD RIDGE,HANCOCK HS,41.4,16,12.7,13.9,13.9,,,,,,27.1,17.1,16.8,17.4,17.8,17.4,0.1512845658
WEST ELSDON,HANCOCK HS,41.4,16,12.7,13.9,13.9,,,,,,27.1,17.1,16.8,17.4,17.8,17.4,0.2971341431
NORTH LAWNDALE,INFINITY HS,40.9,13.6,30,15.5,15.5,,,,,,18,16.9,19.3,17.2,18.2,18.1,0.3019842467
SOUTH LAWNDALE,INFINITY HS,40.9,13.6,30,15.5,15.5,,,,,,18,16.9,19.3,17.2,18.2,18.1,0.3372854824
CHICAGO LAWN,HUBBARD HS,39.9,11.7,25.3,14.1,14.1,,,,,,25.3,16.6,18.7,16.8,18,17.7,0.2222887974
CLEARING,HUBBARD HS,39.9,11.7,25.3,14.1,14.1,,,,,,25.3,16.6,18.7,16.8,18,17.7,0.4699827287
GARFIELD RIDGE,HUBBARD HS,39.9,11.7,25.3,14.1,14.1,,,,,,25.3,16.6,18.7,16.8,18,17.7,0.1512796003
WEST ELSDON,HUBBARD HS,39.9,11.7,25.3,14.1,14.1,,,,,,25.3,16.6,18.7,16.8,18,17.7,0.1699626267
WEST LAWN,HUBBARD HS,39.9,11.7,25.3,14.1,14.1,,,,,,25.3,16.6,18.7,16.8,18,17.7,0.8329568457
BRIGHTON PARK,KELLY HS,39.2,8.7,17.7,8.1,8.1,,,,,,24.8,16.3,17.7,16.1,16.6,16.8,0.8781203712
GAGE PARK,KELLY HS,39.2,8.7,17.7,8.1,8.1,,,,,,24.8,16.3,17.7,16.1,16.6,16.8,0.2802550054
LOWER WEST SIDE,KELLY HS,39.2,8.7,17.7,8.1,8.1,,,,,,24.8,16.3,17.7,16.1,16.6,16.8,0.121522066
MCKINLEY PARK,KELLY HS,39.2,8.7,17.7,8.1,8.1,,,,,,24.8,16.3,17.7,16.1,16.6,16.8,0.9999981066
LINCOLN SQUARE,AMUNDSEN HS,38,11.1,12.9,9.3,9.3,,,,,,25.6,16.1,17.1,16.9,17.2,17,0.7393566369
NORTH CENTER,AMUNDSEN HS,38,11.1,12.9,9.3,9.3,,,,,,25.6,16.1,17.1,16.9,17.2,17,0.1982276443
UPTOWN,AMUNDSEN HS,38,11.1,12.9,9.3,9.3,,,,,,25.6,16.1,17.1,16.9,17.2,17,0.1051822526
EAST SIDE,WASHINGTON HS,37.8,13.8,10,10.9,10.9,,,,,,22.3,16.2,16.7,16.9,17.4,16.9,0.9999363775
HEGEWISCH,WASHINGTON HS,37.8,13.8,10,10.9,10.9,,,,,,22.3,16.2,16.7,16.9,17.4,16.9,0.8441759111
SOUTH DEERING,WASHINGTON HS,37.8,13.8,10,10.9,10.9,,,,,,22.3,16.2,16.7,16.9,17.4,16.9,0.7669694955
LOWER WEST SIDE,JUAREZ HS,33,9.4,8.6,6.6,6.6,,,,,,20.8,15.7,16.9,16.3,17,16.6,0.8426258624
CHICAGO LAWN,SOLORIO HS,32.3,6.4,21.9,12.7,12.7,,,,,,22.5,15.5,18.2,16.3,17.5,17,0.1178899198
GAGE PARK,SOLORIO HS,32.3,6.4,21.9,12.7,12.7,,,,,,22.5,15.5,18.2,16.3,17.5,17,0.4290583336
WEST ELSDON,SOLORIO HS,32.3,6.4,21.9,12.7,12.7,,,,,,22.5,15.5,18.2,16.3,17.5,17,0.3201192873
AVONDALE,SCHURZ HS,31.9,9.7,8.4,5.6,5.6,,,,,,24.1,15.6,16.7,16.2,16.6,16.4,0.9999996177
DUNNING,SCHURZ HS,31.9,9.7,8.4,5.6,5.6,,,,,,24.1,15.6,16.7,16.2,16.6,16.4,0.102463928
HERMOSA,SCHURZ HS,31.9,9.7,8.4,5.6,5.6,,,,,,24.1,15.6,16.7,16.2,16.6,16.4,0.193338573
IRVING PARK,SCHURZ HS,31.9,9.7,8.4,5.6,5.6,,,,,,24.1,15.6,16.7,16.2,16.6,16.4,0.6994378838
LOGAN SQUARE,SCHURZ HS,31.9,9.7,8.4,5.6,5.6,,,,,,24.1,15.6,16.7,16.2,16.6,16.4,0.1086066109
NORTH CENTER,SCHURZ HS,31.9,9.7,8.4,5.6,5.6,,,,,,24.1,15.6,16.7,16.2,16.6,16.4,0.1024789257
PORTAGE PARK,SCHURZ HS,31.9,9.7,8.4,5.6,5.6,,,,,,24.1,15.6,16.7,16.2,16.6,16.4,0.599394658
NORTH PARK,MATHER HS,31.2,15,16,11.2,11.2,,,,,,24.8,15.6,17.5,17,17.4,17,0.6234884409
WEST RIDGE,MATHER HS,31.2,15,16,11.2,11.2,,,,,,24.8,15.6,17.5,17,17.4,17,0.6978799284
AUBURN GRESHAM,HARLAN HS,30.9,8.3,3.9,5,5,,,,,10,23.1,15.1,15.6,15.4,16.1,15.7,0.1774653913
BURNSIDE,HARLAN HS,30.9,8.3,3.9,5,5,,,,,10,23.1,15.1,15.6,15.4,16.1,15.7,0.9776990226
CHATHAM,HARLAN HS,30.9,8.3,3.9,5,5,,,,,10,23.1,15.1,15.6,15.4,16.1,15.7,0.5738770328
PULLMAN,HARLAN HS,30.9,8.3,3.9,5,5,,,,,10,23.1,15.1,15.6,15.4,16.1,15.7,0.2313397858
ROSELAND,HARLAN HS,30.9,8.3,3.9,5,5,,,,,10,23.1,15.1,15.6,15.4,16.1,15.7,0.4214599302
WASHINGTON HEIGHTS,HARLAN HS,30.9,8.3,3.9,5,5,,,,,10,23.1,15.1,15.6,15.4,16.1,15.7,0.389945688
HERMOSA,NORTH-GRAND HS,29.1,8.7,10.2,6.3,6.3,,,,,,26.2,15.3,17,16.3,17.3,16.6,0.1792794138
HUMBOLDT PARK,NORTH-GRAND HS,29.1,8.7,10.2,6.3,6.3,,,,,,26.2,15.3,17,16.3,17.3,16.6,0.108269966
BELMONT CRAGIN,KELVYN PARK HS,28.9,9.9,3.6,7.5,7.5,,,,,31.5,19.4,15.2,15.9,15.8,16,15.9,0.1472296449
HERMOSA,KELVYN PARK HS,28.9,9.9,3.6,7.5,7.5,,,,,31.5,19.4,15.2,15.9,15.8,16,15.9,1.2990057564
LOGAN SQUARE,KELVYN PARK HS,28.9,9.9,3.6,7.5,7.5,,,,,31.5,19.4,15.2,15.9,15.8,16,15.9,0.2505136665
AUSTIN,STEINMETZ COLLEGE PREP HS,28.2,13.2,12.2,12.5,12.5,,,,,,23.1,15.3,17.1,16.8,17.6,16.8,0.1822175057
BELMONT CRAGIN,STEINMETZ COLLEGE PREP HS,28.2,13.2,12.2,12.5,12.5,,,,,,23.1,15.3,17.1,16.8,17.6,16.8,0.4679324384
DUNNING,STEINMETZ COLLEGE PREP HS,28.2,13.2,12.2,12.5,12.5,,,,,,23.1,15.3,17.1,16.8,17.6,16.8,0.8975360497
MONTCLARE,STEINMETZ COLLEGE PREP HS,28.2,13.2,12.2,12.5,12.5,,,,,,23.1,15.3,17.1,16.8,17.6,16.8,0.9999999831
OHARE,STEINMETZ COLLEGE PREP HS,28.2,13.2,12.2,12.5,12.5,,,,,,23.1,15.3,17.1,16.8,17.6,16.8,0.10180903
NORTH LAWNDALE,FARRAGUT HS,25.7,6.3,10.3,3.6,3.6,,,,,,22,14.8,16.6,15.6,16.1,15.9,0.2263193947
SOUTH LAWNDALE,FARRAGUT HS,25.7,6.3,10.3,3.6,3.6,,,,,,22,14.8,16.6,15.6,16.1,15.9,0.5468784139
ROGERS PARK,SULLIVAN HS,25.3,8,10.5,6.2,6.2,,,,,,20.4,14.3,16.6,15.7,16.2,15.8,0.8882951111
WEST RIDGE,SULLIVAN HS,25.3,8,10.5,6.2,6.2,,,,,,20.4,14.3,16.6,15.7,16.2,15.8,0.1549584362
ASHBURN,BOGAN HS,23.9,7.8,3.3,4.8,4.8,,,,,,23.3,14.8,15.7,15.8,16.2,15.7,0.9985839195
CHICAGO LAWN,BOGAN HS,23.9,7.8,3.3,4.8,4.8,,,,,,23.3,14.8,15.7,15.8,16.2,15.7,0.168267666
WEST LAWN,BOGAN HS,23.9,7.8,3.3,4.8,4.8,,,,,,23.3,14.8,15.7,15.8,16.2,15.7,0.5303179265
ALBANY PARK,ROOSEVELT HS,23.5,8,5.8,3.4,3.4,,,,,,24.9,14.5,16.1,15.5,16,15.7,0.7603594414
IRVING PARK,ROOSEVELT HS,23.5,8,5.8,3.4,3.4,,,,,,24.9,14.5,16.1,15.5,16,15.7,0.2587091352
BELMONT CRAGIN,FOREMAN HS,23,5.5,9.9,7.3,7.3,,,,,,21.6,14.7,16.9,15.6,16.9,16.1,0.4851131843
PORTAGE PARK,FOREMAN HS,23,5.5,9.9,7.3,7.3,,,,,,21.6,14.7,16.9,15.6,16.9,16.1,0.1109126841
AUBURN GRESHAM,HYDE PARK HS,22.1,6.3,2.3,3.2,3.2,,,,,,29.3,14.8,15.4,15.2,15.9,15.4,0.2020064147
HYDE PARK,HYDE PARK HS,22.1,6.3,2.3,3.2,3.2,,,,,,29.3,14.8,15.4,15.2,15.9,15.4,0.1383646216
SOUTH SHORE,HYDE PARK HS,22.1,6.3,2.3,3.2,3.2,,,,,,29.3,14.8,15.4,15.2,15.9,15.4,0.1350706238
WOODLAWN,HYDE PARK HS,22.1,6.3,2.3,3.2,3.2,,,,,,29.3,14.8,15.4,15.2,15.9,15.4,0.8787745138
ROSELAND,JULIAN HS,21.5,5.4,1.2,2.1,2.1,,,,,,21.4,14.3,15.3,15.1,15.7,15.2,0.1300129543
WASHINGTON HEIGHTS,JULIAN HS,21.5,5.4,1.2,2.1,2.1,,,,,,21.4,14.3,15.3,15.1,15.7,15.2,0.3504297545
CHICAGO LAWN,GAGE PARK HS,20.7,6.1,3.7,4.9,4.9,,,,,,22.2,14.4,15.3,15.1,15.9,15.3,0.6467087111
GAGE PARK,GAGE PARK HS,20.7,6.1,3.7,4.9,4.9,,,,,,22.2,14.4,15.3,15.1,15.9,15.3,0.2034031762
LOOP,WELLS HS,20.4,5.3,4.4,4.4,4.4,,,,,,20.6,14.4,16.4,15.8,15.8,15.7,0.2122953263
NEAR NORTH SIDE,WELLS HS,20.4,5.3,4.4,4.4,4.4,,,,,,20.6,14.4,16.4,15.8,15.8,15.7,0.6112917968
NEAR WEST SIDE,WELLS HS,20.4,5.3,4.4,4.4,4.4,,,,,,20.6,14.4,16.4,15.8,15.8,15.7,0.7433194173
WEST TOWN,WELLS HS,20.4,5.3,4.4,4.4,4.4,,,,,,20.6,14.4,16.4,15.8,15.8,15.7,0.5848395802
AUSTIN,MARSHALL HS,19.6,3.7,2.1,1.1,1.1,,,,,,16.6,13.7,15.3,14.3,14.9,14.7,0.1031195548
EAST GARFIELD PARK,MARSHALL HS,19.6,3.7,2.1,1.1,1.1,,,,,,16.6,13.7,15.3,14.3,14.9,14.7,0.6911025483
HUMBOLDT PARK,MARSHALL HS,19.6,3.7,2.1,1.1,1.1,,,,,,16.6,13.7,15.3,14.3,14.9,14.7,0.107556008
NEAR WEST SIDE,MARSHALL HS,19.6,3.7,2.1,1.1,1.1,,,,,,16.6,13.7,15.3,14.3,14.9,14.7,0.1093847953
WEST GARFIELD PARK,MARSHALL HS,19.6,3.7,2.1,1.1,1.1,,,,,,16.6,13.7,15.3,14.3,14.9,14.7,0.44030084
CALUMET HEIGHTS,BOWEN HS,18.4,1,2.9,1.9,1.9,,,,,,19.5,14,15.8,14.7,15.8,15.2,0.9993470573
SOUTH CHICAGO,BOWEN HS,18.4,1,2.9,1.9,1.9,,,,,,19.5,14,15.8,14.7,15.8,15.2,0.7936608007
SOUTH DEERING,BOWEN HS,18.4,1,2.9,1.9,1.9,,,,,,19.5,14,15.8,14.7,15.8,15.2,0.2069683278
ENGLEWOOD,ROBESON HS,17.9,0.9,0.9,1.8,1.8,,,,,,19.4,13.4,14.7,14.1,14.2,14.2,0.7146081714
GREATER GRAND CROSSING,ROBESON HS,17.9,0.9,0.9,1.8,1.8,,,,,,19.4,13.4,14.7,14.1,14.2,14.2,0.4545968879
WEST ENGLEWOOD,ROBESON HS,17.9,0.9,0.9,1.8,1.8,,,,,,19.4,13.4,14.7,14.1,14.2,14.2,0.1306780287
LOGAN SQUARE,CLEMENTE HS,17.4,4.6,2.1,2.6,2.6,,,,,,26.2,14,15.5,14.9,15.3,15,0.5277734909
WEST TOWN,CLEMENTE HS,17.4,4.6,2.1,2.6,2.6,,,,,,26.2,14,15.5,14.9,15.3,15,0.4151604076
AUSTIN,MANLEY HS,15.7,1.9,1.9,1.9,1.9,,,,,,21,13.4,15.1,14.3,14.8,14.5,0.1119211706
EAST GARFIELD PARK,MANLEY HS,15.7,1.9,1.9,1.9,1.9,,,,,,21,13.4,15.1,14.3,14.8,14.5,0.2600589741
HEGEWISCH,FENGER HS,15.7,2.8,0,3.7,3.7,,,,,,20.7,13.1,15.1,14.5,14.5,14.4,0.155824077
NEAR WEST SIDE,MANLEY HS,15.7,1.9,1.9,1.9,1.9,,,,,,21,13.4,15.1,14.3,14.8,14.5,0.1411271904
NORTH LAWNDALE,MANLEY HS,15.7,1.9,1.9,1.9,1.9,,,,,,21,13.4,15.1,14.3,14.8,14.5,0.4716963525
RIVERDALE,FENGER HS,15.7,2.8,0,3.7,3.7,,,,,,20.7,13.1,15.1,14.5,14.5,14.4,0.5378652956
ROSELAND,FENGER HS,15.7,2.8,0,3.7,3.7,,,,,,20.7,13.1,15.1,14.5,14.5,14.4,0.1037958722
WEST GARFIELD PARK,MANLEY HS,15.7,1.9,1.9,1.9,1.9,,,,,,21,13.4,15.1,14.3,14.8,14.5,0.3672811263
WEST PULLMAN,FENGER HS,15.7,2.8,0,3.7,3.7,,,,,,20.7,13.1,15.1,14.5,14.5,14.4,0.8624872775
AUSTIN,ORR HS,14.8,3.7,5.2,3.7,3.7,,,,,,24.6,13.5,15.7,14.4,15.1,14.8,0.1954548444
HUMBOLDT PARK,ORR HS,14.8,3.7,5.2,3.7,3.7,,,,,,24.6,13.5,15.7,14.4,15.1,14.8,0.6842049314
WEST GARFIELD PARK,ORR HS,14.8,3.7,5.2,3.7,3.7,,,,,,24.6,13.5,15.7,14.4,15.1,14.8,0.1924180337
PULLMAN,CORLISS HS,14.4,4.5,1.8,4.5,4.5,,,,,,22,13.3,15,15,15.4,14.8,0.7678922959
RIVERDALE,CORLISS HS,14.4,4.5,1.8,4.5,4.5,,,,,,22,13.3,15,15,15.4,14.8,0.4602361668
ROSELAND,CORLISS HS,14.4,4.5,1.8,4.5,4.5,,,,,,22,13.3,15,15,15.4,14.8,0.3430809238
WASHINGTON HEIGHTS,CORLISS HS,14.4,4.5,1.8,4.5,4.5,,,,,,22,13.3,15,15,15.4,14.8,0.2497445938
WEST PULLMAN,CORLISS HS,14.4,4.5,1.8,4.5,4.5,,,,,,22,13.3,15,15,15.4,14.8,0.1272130359
ENGLEWOOD,HOPE HS,14.3,2,1,0,0,,,,,,18.4,13.6,15.1,14.9,15.4,14.9,0.2105598102
WEST ENGLEWOOD,HOPE HS,14.3,2,1,0,0,,,,,,18.4,13.6,15.1,14.9,15.4,14.9,0.2401376393
NEW CITY,RICHARDS HS,13.1,2,3,3,3,,,,,,19.5,13.5,15.5,14.3,15.2,14.8,0.2565751283
AVALON PARK,CHICAGO VOCATIONAL HS,12.7,1.4,2.1,1.4,1.4,,,,,,20.2,13.7,15.2,14.5,15.3,14.8,0.6456060672
SOUTH CHICAGO,CHICAGO VOCATIONAL HS,12.7,1.4,2.1,1.4,1.4,,,,,,20.2,13.7,15.2,14.5,15.3,14.8,0.2063389276
SOUTH SHORE,CHICAGO VOCATIONAL HS,12.7,1.4,2.1,1.4,1.4,,,,,,20.2,13.7,15.2,14.5,15.3,14.8,0.8649289559
AUBURN GRESHAM,HIRSCH HS,12.3,2.5,1.2,3.7,3.7,,,,,,19.7,12.5,14.9,14.6,15,14.4,0.5172771936
AVALON PARK,HIRSCH HS,12.3,2.5,1.2,3.7,3.7,,,,,,19.7,12.5,14.9,14.6,15,14.4,0.3045344183
CHATHAM,HIRSCH HS,12.3,2.5,1.2,3.7,3.7,,,,,,19.7,12.5,14.9,14.6,15,14.4,0.3096743918
GREATER GRAND CROSSING,HIRSCH HS,12.3,2.5,1.2,3.7,3.7,,,,,,19.7,12.5,14.9,14.6,15,14.4,0.2501764428
WOODLAWN,HIRSCH HS,12.3,2.5,1.2,3.7,3.7,,,,,,19.7,12.5,14.9,14.6,15,14.4,0.1211686302
ARMOUR SQUARE,PHILLIPS HS,12,6,1.5,2.3,2.3,,,,,,23.6,13.6,15.4,14.9,15.6,15,0.8513837256
DOUGLAS,PHILLIPS HS,12,6,1.5,2.3,2.3,,,,,,23.6,13.6,15.4,14.9,15.6,15,0.9998760319
FULLER PARK,PHILLIPS HS,12,6,1.5,2.3,2.3,,,,,,23.6,13.6,15.4,14.9,15.6,15,0.764237658
GRAND BOULEVARD,PHILLIPS HS,12,6,1.5,2.3,2.3,,,,,,23.6,13.6,15.4,14.9,15.6,15,0.9999999981
KENWOOD,PHILLIPS HS,12,6,1.5,2.3,2.3,,,,,,23.6,13.6,15.4,14.9,15.6,15,0.4114610858
LOOP,PHILLIPS HS,12,6,1.5,2.3,2.3,,,,,,23.6,13.6,15.4,14.9,15.6,15,0.770928555
NEAR SOUTH SIDE,PHILLIPS HS,12,6,1.5,2.3,2.3,,,,,,23.6,13.6,15.4,14.9,15.6,15,0.9998653022
OAKLAND,PHILLIPS HS,12,6,1.5,2.3,2.3,,,,,,23.6,13.6,15.4,14.9,15.6,15,0.9999999948
WASHINGTON PARK,PHILLIPS HS,12,6,1.5,2.3,2.3,,,,,,23.6,13.6,15.4,14.9,15.6,15,0.9999997627
ARMOUR SQUARE,TILDEN HS,11.9,3.7,1.8,2.8,2.8,,,,,,17.2,13.2,15.1,14.8,15.1,14.6,0.1486062673
BRIDGEPORT,TILDEN HS,11.9,3.7,1.8,2.8,2.8,,,,,,17.2,13.2,15.1,14.8,15.1,14.6,0.9554109544
FULLER PARK,TILDEN HS,11.9,3.7,1.8,2.8,2.8,,,,,,17.2,13.2,15.1,14.8,15.1,14.6,0.235762342
NEW CITY,TILDEN HS,11.9,3.7,1.8,2.8,2.8,,,,,,17.2,13.2,15.1,14.8,15.1,14.6,0.6364825258
AUSTIN,DOUGLASS HS,9.3,7,1.2,4.7,4.7,,,,,,18,13.3,15,15,15.3,14.7,0.3372355881
WEST ENGLEWOOD,HARPER HS,9,3,0.8,1.5,1.5,,,,,,16.7,12.5,15,14.3,14.8,14.3,0.5957790541
ALBANY PARK,ALBANY PARK,,,,,,,,,,30.2,,,,,,,0.1772883474
ALBANY PARK,HAUGAN,,,,,,25.7,24,26.8,23.3,,,,,,,,0.2645642639
ALBANY PARK,HIBBARD,,,,,,24,20.7,24.3,31.6,,,,,,,,0.1772883473
ALBANY PARK,"MARSHALL, T",,,,,,,,,,19.5,,,,,,,0.3011736329
ALBANY PARK,PALMER,,,,,,20.8,23.6,23.3,28,33.3,,,,,,,0.255278012
ALBANY PARK,VOLTA,,,,,,26.5,29,30,28.5,26,,,,,,,0.1364851455
ARCHER HEIGHTS,EDWARDS,,,,,,20,23.6,27.4,29.4,27.8,,,,,,,0.9931469829
ARMOUR SQUARE,HAINES,,,,,,27,23,26,21.7,19,,,,,,,0.2255381334
ARMOUR SQUARE,HEALY,,,,,,33,32,29,30,28,,,,,,,0.1485361493
ARMOUR SQUARE,HENDRICKS,,,,,,24,29,29,20,18,,,,,,,0.1691987429
ARMOUR SQUARE,"WARD, J",,,,,,30,30,30,25,25,,,,,,,0.3726062901
ASHBURN,CARROLL,,,,,,17,25,28,29,27,,,,,,,0.3701388144
ASHBURN,DAWES,,,,,,26.5,29,28.5,29.3,32,,,,,,,0.1674439335
ASHBURN,DURKIN PARK,,,,,,35.5,21.7,32,25.3,28.5,,,,,,,0.1051445343
ASHBURN,HAMPTON,,,,,,27.5,29,21.3,25.7,27,,,,,,,0.1118051016
ASHBURN,STEVENSON,,,,,,29.8,24.5,31,26.4,32.5,,,,,,,0.1597087101
AUBURN GRESHAM,BARTON,,,,,,28,18,21.7,25.5,21.3,,,,,,,0.1287398841
AUBURN GRESHAM,FOSTER PARK,,,,,,31,17.5,16.5,18.7,28,,,,,,,0.12117294
AUBURN GRESHAM,JOPLIN,,,,,,25,20.5,28,25.5,27,,,,,,,0.1021879108
AUBURN GRESHAM,RYDER,,,,,,27,23,23.5,26,31,,,,,,,0.1348192844
AUSTIN,LELAND,,,,,,30.7,28.7,27,20.7,21.5,,,,,,,0.146968843
AVALON PARK,AVALON PARK,,,,,,19.5,30,28,36,26,,,,,,,0.4451322478
AVALON PARK,CALDWELL,,,,,,35,31,17,14.5,36,,,,,,,0.5112052948
AVALON PARK,MCDOWELL,,,,,,32,27,20,,,,,,,,,0.1054936332
AVONDALE,LOGANDALE,,,,,,26.5,22.8,24,28.7,31.6,,,,,,,0.1147235106
AVONDALE,LORCA,,,,,,23.8,25.8,35.7,30,30.3,,,,,,,0.1578381764
AVONDALE,REILLY,,,,,,22.6,25.8,24,26.8,28.3,,,,,,,0.2076199695
AVONDALE,VON LINNE,,,,,,21,24.7,19.3,20.7,22,,,,,,,0.378934255
BELMONT CRAGIN,BURBANK,,,,,,22.5,25.5,21.8,32.3,28,,,,,,,0.1071945994
BELMONT CRAGIN,FALCONER,,,,,,22.1,26.9,26.7,30,,,,,,,,0.1176787537
BELMONT CRAGIN,HANSON PARK,,,,,,24.8,26.3,33,33,32.5,,,,,,,0.1125826
BELMONT CRAGIN,LLOYD,,,,,,21.9,22.6,25.9,,,,,,,,,0.143601941
BELMONT CRAGIN,LYON,,,,,,31.6,26.5,28.2,29,29,,,,,,,0.1414894972
BELMONT CRAGIN,NORTHWEST,,,,,,,,,23,33,,,,,,,0.2775718607
BELMONT CRAGIN,SCHUBERT,,,,,,22.5,26.8,21.8,,,,,,,,,0.1339699197
BEVERLY,BARNARD,,,,,,28,28,24,27,33,,,,,,,0.1614191534
BEVERLY,KELLOGG,,,,,,25,29,30,28,30,,,,,,,0.3081465127
BEVERLY,SUTHERLAND,,,,,,26,24.7,29,32,30.3,,,,,,,0.4639281359
BRIDGEPORT,ARMOUR,,,,,,21,18.5,30,33,25,,,,,,,0.1400077884
BRIDGEPORT,HEALY,,,,,,33,32,29,30,28,,,,,,,0.2840014536
BRIDGEPORT,HOLDEN,,,,,,28.5,27,32.5,25.5,27,,,,,,,0.2435930989
BRIDGEPORT,MCCLELLAN,,,,,,29,29,25,26,17,,,,,,,0.3055794085
BRIGHTON PARK,BURROUGHS,,,,,,23,24,21,25.5,24,,,,,,,0.142697317
BRIGHTON PARK,CALMECA,,,,,,26,29,28.3,28,34,,,,,,,0.1177843623
BRIGHTON PARK,COLUMBIA EXPLORERS,,,,,,23.5,34.8,30.2,31.3,35,,,,,,,0.1867303843
BRIGHTON PARK,"DAVIS, N",,,,,,31.7,30,30.7,27,32.3,,,,,,,0.2359700156
BRIGHTON PARK,SHIELDS,,,,,,27.1,27.1,26.4,,,,,,,,,0.2243653358
BRIGHTON PARK,SHIELDS MIDDLE,,,,,,,,,29.2,26.4,,,,,,,0.2243653354
BURNSIDE,"WASHINGTON, H",,,,,,22,22.5,28.5,24.5,24,,,,,,,0.9034238647
CALUMET HEIGHTS,CALDWELL,,,,,,35,31,17,14.5,36,,,,,,,0.2358758668
CALUMET HEIGHTS,EARHART,,,,,,26,23,27,32,25,,,,,,,0.1447072315
CALUMET HEIGHTS,HOYNE,,,,,,29,29,24,26,18.5,,,,,,,0.2797232227
CALUMET HEIGHTS,MCDOWELL,,,,,,32,27,20,,,,,,,,,0.1660209117
CALUMET HEIGHTS,MIRELES,,,,,,24,24.3,28.3,27,27.7,,,,,,,0.1485678989
CALUMET HEIGHTS,WARREN,,,,,,25,28,34,28,18,,,,,,,0.5878634584
CHATHAM,ASHE,,,,,,19,20.5,19,19.5,39,,,,,,,0.1176610691
CHATHAM,DIXON,,,,,,17.5,20,30,23,30.3,,,,,,,0.2534448951
CHATHAM,GILLESPIE,,,,,,26,22,26,24.5,27,,,,,,,0.1171015896
CHATHAM,PIRIE,,,,,,24,29,27,21,,,,,,,,0.1869428969
CHATHAM,WESTCOTT,,,,,,24,20.5,39,20,29,,,,,,,0.2499974671
CHICAGO LAWN,MARQUETTE,,,,,,29.4,26,25,28.8,31,,,,,,,0.1053842387
CHICAGO LAWN,MCKAY,,,,,,30,31,29.7,32,23,,,,,,,0.2718796491
CHICAGO LAWN,TARKINGTON,,,,,,28.3,27.3,24,28,31,,,,,,,0.1295102293
CLEARING,DORE,,,,,,32.5,35,36,38.5,32.5,,,,,,,0.2693415667
CLEARING,GRIMES,,,,,,24.5,32.5,23,22.5,24.5,,,,,,,0.1088750387
CLEARING,HALE,,,,,,23.5,33,32,37,33.3,,,,,,,0.2712348944
CLEARING,PASTEUR,,,,,,28.2,29.6,28,26.6,32,,,,,,,0.2067551053
DOUGLAS,DRAKE,,,,,,19,18,28.5,23.5,15.5,,,,,,,0.3337892972
DOUGLAS,PERSHING,,,,,,18,23,30,20.5,17,,,,,,,0.392267422
DOUGLAS,"WELLS, I",,,,,,22.5,23,28,18,28.5,,,,,,,0.1175827355
DUNNING,BRIDGE,,,,,,23.2,28.6,27.8,32.7,25.3,,,,,,,0.3870131665
DUNNING,CANTY,,,,,,28.7,24.8,29.3,32.7,24.7,,,,,,,0.2431077189
DUNNING,DEVER,,,,,,27.3,32.7,30.3,26.3,30.3,,,,,,,0.1925592635
EAST GARFIELD PARK,BEIDLER,,,,,,25,27,20.5,21.6,24,,,,,,,0.1274798934
EAST GARFIELD PARK,CATHER,,,,,,21,28,19,32,25,,,,,,,0.2948336209
EAST GARFIELD PARK,FARADAY,,,,,,20,19.5,23,20.5,30,,,,,,,0.2005405224
EAST GARFIELD PARK,GREGORY,,,,,,25,18.5,26,21.5,27,,,,,,,0.1045434723
EAST GARFIELD PARK,JENSEN,,,,,,29.5,23.5,28.5,26,22.5,,,,,,,0.1555154941
EAST GARFIELD PARK,"WARD, L",,,,,,31,22,24.7,30.5,24,,,,,,,0.1037167204
EAST SIDE,ADDAMS,,,,,,32,32.7,28.7,31.3,26.3,,,,,,,0.1356384015
EAST SIDE,GALLISTEL,,,,,,24,23,28.6,32,34,,,,,,,0.2274584283
EAST SIDE,TAYLOR,,,,,,31,29,18.5,22.5,24,,,,,,,0.4079481367
EAST SIDE,"WASHINGTON, G",,,,,,27.7,29.7,31.3,25.7,27.7,,,,,,,0.2288914097
EDGEWATER,GOUDY,,,,,,24.3,23.7,19.8,28.7,29,,,,,,,0.1498590165
EDGEWATER,HAYT,,,,,,27,30.5,25.3,25.5,25,,,,,,,0.1455409447
EDGEWATER,PEIRCE,,,,,,23.3,25.2,23.4,28,30.3,,,,,,,0.4108425693
EDGEWATER,SWIFT,,,,,,31.3,22,24.3,23.7,26,,,,,,,0.2493000287
EDISON PARK,EBINGER,,,,,,31.7,23.8,25,35.5,28.5,,,,,,,0.9777756646
ENGLEWOOD,MAYS,,,,,,19.7,22.3,23.3,24,30,,,,,,,0.1583080228
ENGLEWOOD,NICHOLSON TECH ACAD,,,,,,30,22,19,30.5,29,,,,,,,0.2097052473
FOREST GLEN,EDGEBROOK,,,,,,26.5,30.5,28,16,12.8,,,,,,,0.3299803047
FOREST GLEN,SAUGANASH,,,,,,29,31,19.3,33,30,,,,,,,0.2851383525
FOREST GLEN,WILDWOOD,,,,,,11.3,11.7,20.5,28.5,24,,,,,,,0.1799266736
FULLER PARK,BEETHOVEN,,,,,,18.5,36,14.7,35,25,,,,,,,0.1675356608
FULLER PARK,GRAHAM,,,,,,25.5,20,28,29.5,25.5,,,,,,,0.2198369569
FULLER PARK,HENDRICKS,,,,,,24,29,29,20,18,,,,,,,0.2512051192
FULLER PARK,SHERWOOD,,,,,,19,17.5,20.5,19,25,,,,,,,0.3614115588
GAGE PARK,CARSON,,,,,,21.8,25.2,24.5,25.8,26.8,,,,,,,0.1475077459
GAGE PARK,HERNANDEZ,,,,,,,,,29.2,27.5,,,,,,,0.1962251519
GAGE PARK,NIGHTINGALE,,,,,,26,29.2,26.8,25.8,29.3,,,,,,,0.1974623436
GAGE PARK,SANDOVAL,,,,,,27.5,33.7,29.8,,,,,,,,,0.1096982842
GAGE PARK,SAWYER,,,,,,27.4,28.6,28.9,35,31.2,,,,,,,0.3061799529
GARFIELD RIDGE,BYRNE,,,,,,32.5,30,27.3,26.8,28,,,,,,,0.2585818312
GARFIELD RIDGE,HEARST,,,,,,35,26,23,20.5,32,,,,,,,0.1674432145
GARFIELD RIDGE,KINZIE,,,,,,24.5,29.5,29.5,33.5,26.3,,,,,,,0.1328134517
GARFIELD RIDGE,PASTEUR,,,,,,28.2,29.6,28,26.6,32,,,,,,,0.1512845034
GARFIELD RIDGE,TWAIN,,,,,,30.3,30,32.8,30.3,34,,,,,,,0.2819565306
GRAND BOULEVARD,BEETHOVEN,,,,,,18.5,36,14.7,35,25,,,,,,,0.2420313905
GRAND BOULEVARD,BURKE,,,,,,35,31,20,34,25,,,,,,,0.1471258337
GRAND BOULEVARD,FULLER,,,,,,26,21.5,13,31,25,,,,,,,0.1598254732
GRAND BOULEVARD,MOLLISON,,,,,,26,17,28,31,24.5,,,,,,,0.1902085563
GRAND BOULEVARD,WOODSON,,,,,,33,15,20,20,26,,,,,,,0.1547911041
GREATER GRAND CROSSING,BROWNELL,,,,,,15.5,19.5,21.5,28,,,,,,,,0.1018261166
GREATER GRAND CROSSING,DENEEN,,,,,,22.3,28.5,21.7,24,30.5,,,,,,,0.221572118
GREATER GRAND CROSSING,HARVARD,,,,,,22.5,23.5,19.7,25,30,,,,,,,0.1405095966
GREATER GRAND CROSSING,REVERE,,,,,,32,30,23,30,14,,,,,,,0.1552652893
GREATER GRAND CROSSING,RUGGLES,,,,,,26,20.5,25.5,19.3,18.5,,,,,,,0.1004482549
GREATER GRAND CROSSING,TANNER,,,,,,39,22.5,24,13.3,18.5,,,,,,,0.1048371433
HEGEWISCH,"CARVER , G",,,,,,21.3,25.5,25.5,20.3,19.5,,,,,,,0.155824077
HEGEWISCH,CLAY,,,,,,18,17.3,20,30.5,30,,,,,,,0.6098399098
HEGEWISCH,"WASHINGTON, G",,,,,,27.7,29.7,31.3,25.7,27.7,,,,,,,0.1675955591
HERMOSA,BARRY,,,,,,30,24.3,26.8,22,,,,,,,,0.3116792294
HERMOSA,LLOYD,,,,,,21.9,22.6,25.9,,,,,,,,,0.1323042447
HERMOSA,NIXON,,,,,,21.7,26.2,30.2,30,,,,,,,,0.3599445149
HERMOSA,NORTHWEST,,,,,,,,,23,33,,,,,,,0.1323042447
HUMBOLDT PARK,MORTON,,,,,,20.5,26,21.5,12.5,20,,,,,,,0.1100943348
HUMBOLDT PARK,PICCOLO,,,,,,23.3,21.7,28.5,30,21,,,,,,,0.1083426181
HUMBOLDT PARK,"WARD, L",,,,,,31,22,24.7,30.5,24,,,,,,,0.2217305769
HUMBOLDT PARK,WEST PARK,,,,,,27.3,23.7,22,24.5,32.5,,,,,,,0.1075032575
HYDE PARK,HARTE,,,,,,32,31,21,22.5,,,,,,,,0.3392008384
HYDE PARK,KOZMINSKI,,,,,,31,18,16,25,19.5,,,,,,,0.1230039717
HYDE PARK,RAY,,,,,,25,25,25,22.5,22.5,,,,,,,0.5147459729
IRVING PARK,BATEMAN,,,,,,23.3,25.3,31.8,29,30,,,,,,,0.1269825673
IRVING PARK,BELDING,,,,,,25,22,23,29,26,,,,,,,0.2580221484
IRVING PARK,CLEVELAND,,,,,,23.3,25.3,20.7,28.5,34,,,,,,,0.1285991108
IRVING PARK,MURPHY,,,,,,23,23.3,30,19,31,,,,,,,0.1303274296
IRVING PARK,SCAMMON,,,,,,32.3,31,34,20.8,28.8,,,,,,,0.1763199136
JEFFERSON PARK,BEAUBIEN,,,,,,30.3,27.2,28.4,33,28.5,,,,,,,0.1664747375
JEFFERSON PARK,FARNSWORTH,,,,,,28.5,24,25,29.3,26,,,,,,,0.2939033645
JEFFERSON PARK,HITCH,,,,,,29,31.5,29.5,29,31.5,,,,,,,0.3267252268
JEFFERSON PARK,PRUSSING,,,,,,33.5,23.3,23,23.3,21,,,,,,,0.1503112419
KENWOOD,RAY,,,,,,25,25,25,22.5,22.5,,,,,,,0.4065344516
KENWOOD,REAVIS,,,,,,30,28,32,28,27,,,,,,,0.1812571164
KENWOOD,ROBINSON,,,,,,27,26,22,,,,,,,,,0.3450636326
KENWOOD,SHOESMITH,,,,,,24,20,28,22,,,,,,,,0.4065344523
KENWOOD,WOODSON,,,,,,33,15,20,20,26,,,,,,,0.4113712398
LAKE VIEW,BLAINE,,,,,,25.8,26,24.5,33,36,,,,,,,0.1385071922
LAKE VIEW,BURLEY,,,,,,19,27,29,29,25.5,,,,,,,0.1232586782
LAKE VIEW,GREELEY,,,,,,23,23,23.7,21.7,28,,,,,,,0.1155561872
LAKE VIEW,HAMILTON,,,,,,20.3,18,19.7,19.5,11,,,,,,,0.1022521791
LAKE VIEW,NETTELHORST,,,,,,24.3,23.8,27,30,24.5,,,,,,,0.3136340175
LINCOLN PARK,ALCOTT ES,,,,,,28,28.5,28,25,23.5,,,,,,,0.1662252954
LINCOLN PARK,LINCOLN,,,,,,27.3,24.5,23.8,25.5,30.3,,,,,,,0.3408843603
LINCOLN PARK,MAYER,,,,,,10.5,9.3,8.6,26,19,,,,,,,0.3303889892
LINCOLN PARK,PRESCOTT,,,,,,29.5,29,30,11,15,,,,,,,0.1205148932
LINCOLN SQUARE,BUDLONG,,,,,,23.8,24,28.3,19.3,26,,,,,,,0.1927805129
LINCOLN SQUARE,CHAPPELL,,,,,,26,26,26,26.5,20.5,,,,,,,0.1480027515
LINCOLN SQUARE,HAYT,,,,,,27,30.5,25.3,25.5,25,,,,,,,0.2021451168
LINCOLN SQUARE,JAMIESON,,,,,,25.3,25.3,20,32.3,25.7,,,,,,,0.1191808656
LINCOLN SQUARE,MCPHERSON,,,,,,19.5,21.8,25,24.7,27,,,,,,,0.1890319307
LINCOLN SQUARE,WATERS,,,,,,27.7,27.7,28,29.5,20.5,,,,,,,0.1214066656
LOGAN SQUARE,BRENTANO,,,,,,24,23,21,33,18,,,,,,,0.1181825471
LOGAN SQUARE,DARWIN,,,,,,27.5,24,26.5,24.5,22.5,,,,,,,0.111545156
LOGAN SQUARE,PULASKI,,,,,,21,22.3,21.8,22.8,24.7,,,,,,,0.2454841863
LOOP,OGDEN,,,,,,32.3,23,25,,,,,,,,,0.2382548229
LOOP,SOUTH LOOP,,,,,,37,28.7,27.8,32,26.7,,,,,,,0.7449686349
LOWER WEST SIDE,EVERETT,,,,,,30,16,30,,,,,,,,,0.1175487764
LOWER WEST SIDE,EVERGREEN,,,,,,,,,23.3,29.4,,,,,,,0.121522054
LOWER WEST SIDE,PEREZ,,,,,,16,14,28,28,29,,,,,,,0.1611353954
LOWER WEST SIDE,RUIZ,,,,,,30,25.7,28.3,24,27.3,,,,,,,0.1645801542
LOWER WEST SIDE,WALSH,,,,,,17,17,23,36,22,,,,,,,0.1229789823
LOWER WEST SIDE,WHITTIER,,,,,,13.5,20.5,18.5,29,17.5,,,,,,,0.126589211
MCKINLEY PARK,EVERETT,,,,,,30,16,30,,,,,,,,,0.400004867
MCKINLEY PARK,EVERGREEN,,,,,,,,,23.3,29.4,,,,,,,0.9253327866
MCKINLEY PARK,GREENE,,,,,,25,27,27.5,,,,,,,,,0.5253279167
MONTCLARE,"LOCKE, J",,,,,,27.6,28.2,25.8,32.5,31.8,,,,,,,0.8286327998
MONTCLARE,SAYRE,,,,,,26.5,24.5,31.5,24,28,,,,,,,0.1071907675
MORGAN PARK,CLISSOLD,,,,,,12.8,15,15.3,33,32,,,,,,,0.434258176
MORGAN PARK,ESMOND,,,,,,24,19.5,35,20,33,,,,,,,0.1782866238
MORGAN PARK,SHOOP,,,,,,27,19.5,24.7,25,29.5,,,,,,,0.2068633227
MOUNT GREENWOOD,CASSELL,,,,,,23,21,19.5,42,35,,,,,,,0.4294867492
MOUNT GREENWOOD,MOUNT GREENWOOD,,,,,,24,29.8,28.5,30.7,28.7,,,,,,,0.569340548
NEAR NORTH SIDE,JENNER,,,,,,26,16,15.5,25,27,,,,,,,0.2560587409
NEAR NORTH SIDE,MANIERRE,,,,,,16.3,27.5,28,23,26,,,,,,,0.1320071449
NEAR NORTH SIDE,OGDEN,,,,,,32.3,23,25,,,,,,,,,0.6092567311
NEAR SOUTH SIDE,DRAKE,,,,,,19,18,28.5,23.5,15.5,,,,,,,0.2381298396
NEAR SOUTH SIDE,NATIONAL TEACHERS,,,,,,27.7,23.7,31.5,29,26.5,,,,,,,0.2409260806
NEAR SOUTH SIDE,SOUTH LOOP,,,,,,37,28.7,27.8,32,26.7,,,,,,,0.5208085529
NEAR WEST SIDE,"BROWN, W",,,,,,20,12.5,16,17,22,,,,,,,0.3053514762
NEAR WEST SIDE,SKINNER,,,,,,29.2,31.8,24.8,30.5,21.5,,,,,,,0.2303738693
NEAR WEST SIDE,SMYTH,,,,,,24.5,21,20.5,15,20.5,,,,,,,0.3826979156
NEW CITY,HENDRICKS,,,,,,24,29,29,20,18,,,,,,,0.1091907323
NEW CITY,LARA,,,,,,29.5,24.5,25.5,24.5,23.5,,,,,,,0.1170675809
NEW CITY,SEWARD,,,,,,24,26.7,29.3,26,25.7,,,,,,,0.1069061644
NORTH CENTER,AUDUBON,,,,,,29.5,26,28.5,26,21.5,,,,,,,0.2403591505
NORTH CENTER,BELL,,,,,,29.3,24.8,29.5,28.8,29.4,,,,,,,0.2345674764
NORTH CENTER,COONLEY,,,,,,27.3,27.8,29,29.3,28,,,,,,,0.1952697135
NORTH CENTER,JAHN,,,,,,22,24.5,21.5,19,24,,,,,,,0.1867688339
NORTH LAWNDALE,"HUGHES, C",,,,,,17,18.5,30,24,27,,,,,,,0.1002428278
NORTH LAWNDALE,JOHNSON,,,,,,21.5,23,29,35,31,,,,,,,0.1004488862
NORTH LAWNDALE,MASON,,,,,,28.5,22.5,22.5,20.5,23.5,,,,,,,0.1267034998
NORTH LAWNDALE,PLAMONDON,,,,,,16,15,22,9,25,,,,,,,0.1428642702
NORTH PARK,PALMER,,,,,,20.8,23.6,23.3,28,33.3,,,,,,,0.1202752837
NORTH PARK,PETERSON,,,,,,23.8,25,25,27.7,30,,,,,,,0.4763855449
NORTH PARK,SAUGANASH,,,,,,29,31,19.3,33,30,,,,,,,0.1942680816
NORTH PARK,SOLOMON,,,,,,31,31,27,33,31,,,,,,,0.1471028901
NORWOOD PARK,EDISON PARK,,,,,,30.5,13,33,28,11.5,,,,,,,0.1730788931
NORWOOD PARK,GARVY,,,,,,24.3,27.7,28.3,30,24.3,,,,,,,0.2035764982
NORWOOD PARK,NORWOOD PARK,,,,,,23,22,27,33,33,,,,,,,0.1379031033
NORWOOD PARK,ONAHAN,,,,,,25.7,24.3,19,34.5,31,,,,,,,0.2091978233
NORWOOD PARK,ORIOLE PARK,,,,,,24,23.3,36,34.5,30.5,,,,,,,0.2126594907
OAKLAND,DOOLITTLE,,,,,,19.5,33,18,24,29,,,,,,,0.1679880059
OAKLAND,FULLER,,,,,,26,21.5,13,31,25,,,,,,,0.830476405
OAKLAND,ROBINSON,,,,,,27,26,22,,,,,,,,,0.4592634443
OHARE,CANTY,,,,,,28.7,24.8,29.3,32.7,24.7,,,,,,,0.1157028221
OHARE,DIRKSEN,,,,,,24.3,25.8,24,25.3,34,,,,,,,0.1208661042
PORTAGE PARK,"GRAY, W",,,,,,21.7,25.2,23.5,27.6,27.8,,,,,,,0.2148477822
PORTAGE PARK,PORTAGE PARK,,,,,,26,22,27,24.8,21.3,,,,,,,0.2791618607
PORTAGE PARK,PRUSSING,,,,,,33.5,23.3,23,23.3,21,,,,,,,0.1031515875
PORTAGE PARK,REINBERG,,,,,,27.3,23.7,24.7,22.3,31,,,,,,,0.1043691753
PORTAGE PARK,SMYSER,,,,,,23,23,27.5,29,26.8,,,,,,,0.1527222464
PULLMAN,PULLMAN,,,,,,27,31,30,23,17,,,,,,,0.2094245879
PULLMAN,SCHMID,,,,,,16,18,24,15,24,,,,,,,0.2708013954
PULLMAN,SMITH,,,,,,28,22,17,17.5,34,,,,,,,0.5143889555
RIVERDALE,"CARVER , G",,,,,,21.3,25.5,25.5,20.3,19.5,,,,,,,0.4006874741
RIVERDALE,PULLMAN,,,,,,27,31,30,23,17,,,,,,,0.4590934536
ROGERS PARK,"ARMSTRONG, G",,,,,,30,27.8,29.8,26.6,33.5,,,,,,,0.1161189796
ROGERS PARK,FIELD,,,,,,,,,21.7,22.7,,,,,,,0.228913155
ROGERS PARK,GALE,,,,,,23.5,22,27.5,17,30,,,,,,,0.1814871299
ROGERS PARK,JORDAN,,,,,,26,14.8,24.3,22.8,28,,,,,,,0.1198145204
ROGERS PARK,KILMER,,,,,,22,23.8,23.5,27.3,21.7,,,,,,,0.3204241779
ROGERS PARK,NEW FIELD,,,,,,22,23.4,23,,,,,,,,,0.3312746601
ROSELAND,BENNETT,,,,,,16.5,21,21.5,21,23.3,,,,,,,0.1401005402
ROSELAND,GILLESPIE,,,,,,26,22,26,24.5,27,,,,,,,0.1606151548
ROSELAND,"HUGHES, L",,,,,,29,24.5,20.3,26.5,27,,,,,,,0.1070764634
ROSELAND,LAVIZZO,,,,,,20.5,24,27,27,19.5,,,,,,,0.1131202435
SOUTH CHICAGO,COLES,,,,,,24.5,25.5,24,26.5,27.6,,,,,,,0.138519907
SOUTH CHICAGO,MANN,,,,,,29,21.5,28,27,27,,,,,,,0.1047666391
SOUTH CHICAGO,MIRELES,,,,,,24,24.3,28.3,27,27.7,,,,,,,0.1550926733
SOUTH CHICAGO,NEW SULLIVAN,,,,,,30.5,18,24,21,26.5,,,,,,,0.2881070086
SOUTH CHICAGO,"THORP, J",,,,,,18.5,13,32,28,31,,,,,,,0.1893841399
SOUTH DEERING,BRIGHT,,,,,,28,29,30,24,25,,,,,,,0.3452347057
SOUTH DEERING,BURNHAM,,,,,,28,21.5,25.3,20.3,26,,,,,,,0.1198907823
SOUTH DEERING,PULLMAN,,,,,,27,31,30,23,17,,,,,,,0.2775700222
SOUTH LAWNDALE,GARY,,,,,,,,23.4,32.3,28.5,,,,,,,0.1908955176
SOUTH LAWNDALE,ORTIZ DE DOMINGUEZ,,,,,,27.4,27.3,,,,,,,,,,0.1908954902
SOUTH LAWNDALE,WHITNEY,,,,,,28.8,24.8,26.3,25,30.3,,,,,,,0.1832555627
SOUTH SHORE,BOUCHET,,,,,,25.3,26,20,37,31.5,,,,,,,0.2580004967
SOUTH SHORE,MADISON,,,,,,18,20,30,34,20,,,,,,,0.1123218553
SOUTH SHORE,O'KEEFFE,,,,,,25,34,27.7,30,32.5,,,,,,,0.1758998358
SOUTH SHORE,POWELL,,,,,,33,30.5,30.5,29,21.6,,,,,,,0.1741937108
UPTOWN,BRENNEMANN,,,,,,16.7,27.5,23.5,20.5,25.5,,,,,,,0.5219023302
UPTOWN,MCCUTCHEON,,,,,,18.5,16.5,19.5,26,19,,,,,,,0.2040676461
WASHINGTON HEIGHTS,FORT DEARBORN,,,,,,18,24,20.5,26.5,19.5,,,,,,,0.1519613199
WASHINGTON HEIGHTS,GARVEY,,,,,,24,36,27,25,27,,,,,,,0.1383217963
WASHINGTON HEIGHTS,GREEN,,,,,,19,24,27,36,32,,,,,,,0.1175093297
WASHINGTON HEIGHTS,KIPLING,,,,,,20.5,14.3,21,19.5,20,,,,,,,0.1432521186
WASHINGTON HEIGHTS,MOUNT VERNON,,,,,,23,29,13.5,29,22,,,,,,,0.1114130695
WASHINGTON PARK,BEETHOVEN,,,,,,18.5,36,14.7,35,25,,,,,,,0.1099682537
WASHINGTON PARK,BURKE,,,,,,35,31,20,34,25,,,,,,,0.5074494085
WASHINGTON PARK,CARTER,,,,,,19.5,24,26,25,17,,,,,,,0.1879210214
WASHINGTON PARK,DULLES,,,,,,31.7,31.3,24.8,38,24,,,,,,,0.1946610769
WEST ELSDON,HERNANDEZ,,,,,,,,,29.2,27.5,,,,,,,0.2216107222
WEST ELSDON,PASTEUR,,,,,,28.2,29.6,28,26.6,32,,,,,,,0.2995254783
WEST ELSDON,PECK,,,,,,24.8,30.5,27.3,27,27.2,,,,,,,0.4476874635
WEST ELSDON,SANDOVAL,,,,,,27.5,33.7,29.8,,,,,,,,,0.2216107241
WEST ENGLEWOOD,EARLE,,,,,,26.5,27,24.5,27.5,27,,,,,,,0.1210927695
WEST ENGLEWOOD,HENDERSON,,,,,,31,20,19.5,21.5,24,,,,,,,0.1040044283
WEST ENGLEWOOD,LANGFORD,,,,,,38,24,25.5,22.5,27.5,,,,,,,0.1149218858
WEST ENGLEWOOD,O'TOOLE,,,,,,33,25.5,26,26,26.5,,,,,,,0.1786775392
WEST ENGLEWOOD,RANDOLPH,,,,,,29.5,27.5,30,20.5,24.5,,,,,,,0.1782658839
WEST ENGLEWOOD,WENTWORTH,,,,,,32,21.3,19.3,20,21,,,,,,,0.1054757292
WEST GARFIELD PARK,HEFFERAN,,,,,,21,30.5,34,20,27,,,,,,,0.2182971758
WEST GARFIELD PARK,MELODY,,,,,,23,22.3,25,27.5,27.5,,,,,,,0.1566585323
WEST GARFIELD PARK,SUMNER,,,,,,21.5,18,22,35,23.5,,,,,,,0.1188910408
WEST GARFIELD PARK,TILTON,,,,,,26,26.5,29.5,12.3,22.5,,,,,,,0.3336200897
WEST LAWN,AZUELA,,,,,,32.3,29.5,30.5,33.3,35,,,,,,,0.4253297093
WEST LAWN,LEE,,,,,,30.7,31,28.7,28.7,26.7,,,,,,,0.1286174369
WEST PULLMAN,"BROWN, R",,,,,,41,31,28,28,28,,,,,,,0.1184070578
WEST PULLMAN,CURTIS,,,,,,24,25,23.7,31,28,,,,,,,0.1498313963
WEST PULLMAN,GOMPERS,,,,,,25.5,30.5,32.5,28.5,26,,,,,,,0.1782109523
WEST PULLMAN,METCALFE,,,,,,24.5,22,31.5,22,23,,,,,,,0.1454229512
WEST PULLMAN,WHITE,,,,,,12,24,26,11,17,,,,,,,0.1093096308
WEST RIDGE,"ARMSTRONG, G",,,,,,30,27.8,29.8,26.6,33.5,,,,,,,0.1961831266
WEST RIDGE,BOONE,,,,,,30,29,28,29.3,28.3,,,,,,,0.111336894
WEST RIDGE,CLINTON,,,,,,27.2,27.2,30,32.3,31,,,,,,,0.1091067567
WEST RIDGE,JAMIESON,,,,,,25.3,25.3,20,32.3,25.7,,,,,,,0.1360472122
WEST RIDGE,ROGERS,,,,,,23.7,27.3,25.3,36,32.5,,,,,,,0.1661114687
WEST RIDGE,WEST RIDGE,,,,,,28.7,25.3,28.7,30,27,,,,,,,0.1665722957
WEST TOWN,CHOPIN,,,,,,19.3,24,23.5,27.5,23,,,,,,,0.1334429483
WEST TOWN,OTIS,,,,,,17,22,20,19.7,23.5,,,,,,,0.1533230286
WOODLAWN,FISKE,,,,,,26.5,25.5,27,21,25.5,,,,,,,0.1824506476
WOODLAWN,HARTE,,,,,,32,31,21,22.5,,,,,,,,0.2991626213
WOODLAWN,TILL,,,,,,25.5,23,15.3,15,15.5,,,,,,,0.1857833981
WOODLAWN,WADSWORTH,,,,,,26,22.3,30,25,20,,,,,,,0.2173681947
